[{"fields":{"1":{"id":"1","type":"text","label":"Name","description":"","size":"large","placeholder":"Name","limit_count":"1","limit_mode":"characters","default_value":"","input_mask":"","css":"","label_hide":"1"},"2":{"id":"2","type":"text","label":"Email","description":"","size":"large","placeholder":"Email","limit_count":"1","limit_mode":"characters","default_value":"","input_mask":"","css":"","label_hide":"1"},"3":{"id":"3","type":"text","label":"Subject","description":"","size":"large","placeholder":"Subject","limit_count":"1","limit_mode":"characters","default_value":"","input_mask":"","css":"","label_hide":"1"},"4":{"id":"4","type":"textarea","label":"Message","description":"","size":"medium","placeholder":"Message","limit_count":"1","limit_mode":"characters","default_value":"","css":"","label_hide":"1"}},"id":"232","field_id":5,"settings":{"form_title":"Contact","form_desc":"","submit_text":"SUBMIT","submit_text_processing":"Sending...","antispam":"1","form_class":"","submit_class":"","ajax_submit":"1","notification_enable":"1","notifications":{"1":{"email":"{admin_email}","subject":"New Blank Form Entry","sender_name":"Home and Garden Decor","sender_address":"{admin_email}","replyto":"","message":"{all_fields}"}},"confirmations":{"1":{"type":"message","message":"\u003Cp\u003EThanks for contacting us! We will be in touch with you shortly.\u003C\/p\u003E","message_scroll":"1","page":"103","redirect":""}}},"meta":{"template":"blank"}}]